Workbook

Sheet Задачи
A1: Испытуемый | B1: № задачи | C1: Время, с | D1: Всего действий | E1: Ошибочных действий | F1: Цель достигнута (1/0) | G1: Помощь (1/0) | H1: SEQ (1-7)
A2: Т1 | B2: 1
A3: Т1 | B3: 2
A4: Т1 | B4: 3
A5: Т1 | B5: 4
A6: Т1 | B6: 5
A7: Т1 | B7: 6
A8: Т1 | B8: 7
A9: Т1 | B9: 8
A10: Т2 | B10: 1
A11: Т2 | B11: 2
A12: Т2 | B12: 3
A13: Т2 | B13: 4
... A25: Т3 | B25: 8

Sheet Приложение
A1: Испытуемый | B1: SUS1 | C1: SUS2 | D1: SUS3 | E1: SUS4 | F1: SUS5 | G1: SUS6 | H1: SUS7 | I1: SUS8 | J1: SUS9 | K1: SUS10 | L1: SUS (0-100) | M1: NPS (0-10) | N1: Обратная связь
A2: Т1 | L2: =IF(COUNT(B2:K2)=10,((B2+D2+F2+H2+J2-5)+(25-(C2+E2+G2+I2+K2)))*2.5,"")
A3: Т2 | L3: =IF(COUNT(B3:K3)=10,((B3+D3+F3+H3+J3-5)+(25-(C3+E3+G3+I3+K3)))*2.5,"")
A4: Т3 | L4: =IF(COUNT(B4:K4)=10,((B4+D4+F4+H4+J4-5)+(25-(C4+E4+G4+I4+K4)))*2.5,"")

Sheet Метрики
A1: № | B1: Задача | C1: Попыток | D1: Успешных | E1: TSR | F1: Без помощи | G1: CR | H1: Действий | I1: Ошибок | J1: ER | K1: Обращений за помощью | L1: Ср. время, с | M1: ATT, с (успешные) | N1: SEQ
A2: 1 | B2: Регистрация | C2: =COUNTIFS(Задачи!$B$2:$B$200,A2,Задачи!$F$2:$F$200,">=0") -> 0 | D2: =COUNTIFS(Задачи!$B$2:$B$200,A2,Задачи!$F$2:$F$200,1) -> 0 | E2: =IF(C2=0,"",D2/C2) | F2: =COUNTIFS(Задачи!$B$2:$B$200,A2,Задачи!$F$2:$F$200,1,Задачи!$G$2:$G$200,0) -> 0 | G2: =IF(C2=0,"",F2/C2) | H2: =SUMIFS(Задачи!$D$2:$D$200,Задачи!$B$2:$B$200,A2) -> 0 | I2: =SUMIFS(Задачи!$E$2:$E$200,Задачи!$B$2:$B$200,A2) -> 0 | J2: =IF(H2=0,"",I2/H2) | K2: =COUNTIFS(Задачи!$B$2:$B$200,A2,Задачи!$G$2:$G$200,1) -> 0 | L2: =IFERROR(AVERAGEIFS(Задачи!$C$2:$C$200,Задачи!$B$2:$B$200,A2),"") | M2: =IFERROR(AVERAGEIFS(Задачи!$C$2:$C$200,Задачи!$B$2:$B$200,A2,Задачи!$F$2:$F$200,1),"") | N2: =IFERROR(AVERAGEIFS(Задачи!$H$2:$H$200,Задачи!$B$2:$B$200,A2),"")
A3: 2 | B3: Восстановление пароля | C3: =COUNTIFS(Задачи!$B$2:$B$200,A3,Задачи!$F$2:$F$200,">=0") -> 0 | D3: =COUNTIFS(Задачи!$B$2:$B$200,A3,Задачи!$F$2:$F$200,1) -> 0 | E3: =IF(C3=0,"",D3/C3) | F3: =COUNTIFS(Задачи!$B$2:$B$200,A3,Задачи!$F$2:$F$200,1,Задачи!$G$2:$G$200,0) -> 0 | G3: =IF(C3=0,"",F3/C3) | H3: =SUMIFS(Задачи!$D$2:$D$200,Задачи!$B$2:$B$200,A3) -> 0 | I3: =SUMIFS(Задачи!$E$2:$E$200,Задачи!$B$2:$B$200,A3) -> 0 | J3: =IF(H3=0,"",I3/H3) | K3: =COUNTIFS(Задачи!$B$2:$B$200,A3,Задачи!$G$2:$G$200,1) -> 0 | L3: =IFERROR(AVERAGEIFS(Задачи!$C$2:$C$200,Задачи!$B$2:$B$200,A3),"") | M3: =IFERROR(AVERAGEIFS(Задачи!$C$2:$C$200,Задачи!$B$2:$B$200,A3,Задачи!$F$2:$F$200,1),"") | N3: =IFERROR(AVERAGEIFS(Задачи!$H$2:$H$200,Задачи!$B$2:$B$200,A3),"")
A4: 3 | B4: Вход в систему | C4: =COUNTIFS(Задачи!$B$2:$B$200,A4,Задачи!$F$2:$F$200,">=0") -> 0 | D4: =COUNTIFS(Задачи!$B$2:$B$200,A4,Задачи!$F$2:$F$200,1) -> 0 | E4: =IF(C4=0,"",D4/C4) | F4: =COUNTIFS(Задачи!$B$2:$B$200,A4,Задачи!$F$2:$F$200,1,Задачи!$G$2:$G$200,0) -> 0 | G4: =IF(C4=0,"",F4/C4) | H4: =SUMIFS(Задачи!$D$2:$D$200,Задачи!$B$2:$B$200,A4) -> 0 | I4: =SUMIFS(Задачи!$E$2:$E$200,Задачи!$B$2:$B$200,A4) -> 0 | J4: =IF(H4=0,"",I4/H4) | K4: =COUNTIFS(Задачи!$B$2:$B$200,A4,Задачи!$G$2:$G$200,1) -> 0 | L4: =IFERROR(AVERAGEIFS(Задачи!$C$2:$C$200,Задачи!$B$2:$B$200,A4),"") | M4: =IFERROR(AVERAGEIFS(Задачи!$C$2:$C$200,Задачи!$B$2:$B$200,A4,Задачи!$F$2:$F$200,1),"") | N4: =IFERROR(AVERAGEIFS(Задачи!$H$2:$H$200,Задачи!$B$2:$B$200,A4),"")
A5: 4 | B5: Вход в автономном режиме | C5: =COUNTIFS(Задачи!$B$2:$B$200,A5,Задачи!$F$2:$F$200,">=0") -> 0 | D5: =COUNTIFS(Задачи!$B$2:$B$200,A5,Задачи!$F$2:$F$200,1) -> 0 | E5: =IF(C5=0,"",D5/C5) | F5: =COUNTIFS(Задачи!$B$2:$B$200,A5,Задачи!$F$2:$F$200,1,Задачи!$G$2:$G$200,0) -> 0 | G5: =IF(C5=0,"",F5/C5) | H5: =SUMIFS(Задачи!$D$2:$D$200,Задачи!$B$2:$B$200,A5) -> 0 | I5: =SUMIFS(Задачи!$E$2:$E$200,Задачи!$B$2:$B$200,A5) -> 0 | J5: =IF(H5=0,"",I5/H5) | K5: =COUNTIFS(Задачи!$B$2:$B$200,A5,Задачи!$G$2:$G$200,1) -> 0 | L5: =IFERROR(AVERAGEIFS(Задачи!$C$2:$C$200,Задачи!$B$2:$B$200,A5),"") | M5: =IFERROR(AVERAGEIFS(Задачи!$C$2:$C$200,Задачи!$B$2:$B$200,A5,Задачи!$F$2:$F$200,1),"") | N5: =IFERROR(AVERAGEIFS(Задачи!$H$2:$H$200,Задачи!$B$2:$B$200,A5),"")
A6: 5 | B6: Файлы: загрузка, скачивание, удаление | C6: =COUNTIFS(Задачи!$B$2:$B$200,A6,Задачи!$F$2:$F$200,">=0") -> 0 | D6: =COUNTIFS(Задачи!$B$2:$B$200,A6,Задачи!$F$2:$F$200,1) -> 0 | E6: =IF(C6=0,"",D6/C6) | F6: =COUNTIFS(Задачи!$B$2:$B$200,A6,Задачи!$F$2:$F$200,1,Задачи!$G$2:$G$200,0) -> 0 | G6: =IF(C6=0,"",F6/C6) | H6: =SUMIFS(Задачи!$D$2:$D$200,Задачи!$B$2:$B$200,A6) -> 0 | I6: =SUMIFS(Задачи!$E$2:$E$200,Задачи!$B$2:$B$200,A6) -> 0 | J6: =IF(H6=0,"",I6/H6) | K6: =COUNTIFS(Задачи!$B$2:$B$200,A6,Задачи!$G$2:$G$200,1) -> 0 | L6: =IFERROR(AVERAGEIFS(Задачи!$C$2:$C$200,Задачи!$B$2:$B$200,A6),"") | M6: =IFERROR(AVERAGEIFS(Задачи!$C$2:$C$200,Задачи!$B$2:$B$200,A6,Задачи!$F$2:$F$200,1),"") | N6: =IFERROR(AVERAGEIFS(Задачи!$H$2:$H$200,Задачи!$B$2:$B$200,A6),"")
A7: 6 | B7: Папки: создание и навигация | C7: =COUNTIFS(Задачи!$B$2:$B$200,A7,Задачи!$F$2:$F$200,">=0") -> 0 | D7: =COUNTIFS(Задачи!$B$2:$B$200,A7,Задачи!$F$2:$F$200,1) -> 0 | E7: =IF(C7=0,"",D7/C7) | F7: =COUNTIFS(Задачи!$B$2:$B$200,A7,Задачи!$F$2:$F$200,1,Задачи!$G$2:$G$200,0) -> 0 | G7: =IF(C7=0,"",F7/C7) | H7: =SUMIFS(Задачи!$D$2:$D$200,Задачи!$B$2:$B$200,A7) -> 0 | I7: =SUMIFS(Задачи!$E$2:$E$200,Задачи!$B$2:$B$200,A7) -> 0 | J7: =IF(H7=0,"",I7/H7) | K7: =COUNTIFS(Задачи!$B$2:$B$200,A7,Задачи!$G$2:$G$200,1) -> 0 | L7: =IFERROR(AVERAGEIFS(Задачи!$C$2:$C$200,Задачи!$B$2:$B$200,A7),"") | M7: =IFERROR(AVERAGEIFS(Задачи!$C$2:$C$200,Задачи!$B$2:$B$200,A7,Задачи!$F$2:$F$200,1),"") | N7: =IFERROR(AVERAGEIFS(Задачи!$H$2:$H$200,Задачи!$B$2:$B$200,A7),"")
A8: 7 | B8: Загрузка каталогов | C8: =COUNTIFS(Задачи!$B$2:$B$200,A8,Задачи!$F$2:$F$200,">=0") -> 0 | D8: =COUNTIFS(Задачи!$B$2:$B$200,A8,Задачи!$F$2:$F$200,1) -> 0 | E8: =IF(C8=0,"",D8/C8) | F8: =COUNTIFS(Задачи!$B$2:$B$200,A8,Задачи!$F$2:$F$200,1,Задачи!$G$2:$G$200,0) -> 0 | G8: =IF(C8=0,"",F8/C8) | H8: =SUMIFS(Задачи!$D$2:$D$200,Задачи!$B$2:$B$200,A8) -> 0 | I8: =SUMIFS(Задачи!$E$2:$E$200,Задачи!$B$2:$B$200,A8) -> 0 | J8: =IF(H8=0,"",I8/H8) | K8: =COUNTIFS(Задачи!$B$2:$B$200,A8,Задачи!$G$2:$G$200,1) -> 0 | L8: =IFERROR(AVERAGEIFS(Задачи!$C$2:$C$200,Задачи!$B$2:$B$200,A8),"") | M8: =IFERROR(AVERAGEIFS(Задачи!$C$2:$C$200,Задачи!$B$2:$B$200,A8,Задачи!$F$2:$F$200,1),"") | N8: =IFERROR(AVERAGEIFS(Задачи!$H$2:$H$200,Задачи!$B$2:$B$200,A8),"")
A9: 8 | B9: Изменение учётных данных | C9: =COUNTIFS(Задачи!$B$2:$B$200,A9,Задачи!$F$2:$F$200,">=0") -> 0 | D9: =COUNTIFS(Задачи!$B$2:$B$200,A9,Задачи!$F$2:$F$200,1) -> 0 | E9: =IF(C9=0,"",D9/C9) | F9: =COUNTIFS(Задачи!$B$2:$B$200,A9,Задачи!$F$2:$F$200,1,Задачи!$G$2:$G$200,0) -> 0 | G9: =IF(C9=0,"",F9/C9) | H9: =SUMIFS(Задачи!$D$2:$D$200,Задачи!$B$2:$B$200,A9) -> 0 | I9: =SUMIFS(Задачи!$E$2:$E$200,Задачи!$B$2:$B$200,A9) -> 0 | J9: =IF(H9=0,"",I9/H9) | K9: =COUNTIFS(Задачи!$B$2:$B$200,A9,Задачи!$G$2:$G$200,1) -> 0 | L9: =IFERROR(AVERAGEIFS(Задачи!$C$2:$C$200,Задачи!$B$2:$B$200,A9),"") | M9: =IFERROR(AVERAGEIFS(Задачи!$C$2:$C$200,Задачи!$B$2:$B$200,A9,Задачи!$F$2:$F$200,1),"") | N9: =IFERROR(AVERAGEIFS(Задачи!$H$2:$H$200,Задачи!$B$2:$B$200,A9),"")
B10: ВСЕГО | C10: =SUM(C2:C9) -> 0 | D10: =SUM(D2:D9) -> 0 | E10: =IF(C10=0,"",D10/C10) | F10: =SUM(F2:F9) -> 0 | G10: =IF(C10=0,"",F10/C10) | H10: =SUM(H2:H9) -> 0 | I10: =SUM(I2:I9) -> 0 | J10: =IF(H10=0,"",I10/H10) | K10: =SUM(K2:K9) -> 0 | M10: =IFERROR(AVERAGEIFS(Задачи!$C$2:$C$200,Задачи!$F$2:$F$200,1),"") | N10: =IFERROR(AVERAGE(Задачи!$H$2:$H$200),"")
B12: Показатели по всем задачам
B13: TSR | C13: =E10
B14: CR | C14: =G10
B15: ER | C15: =J10
B16: AR (обращений за помощью / попыток) | C16: =IF(C10=0,"",K10/C10)
B17: TP (успешных задач в минуту) | C17: =IFERROR(D10/(SUMIFS(Задачи!$C$2:$C$200,Задачи!$F$2:$F$200,">=0")/60),"")
B18: EU (успешных задач на одно действие) | C18: =IFERROR(D10/H10,"")
B19: SUS, среднее (ориентир 68) | C19: =IFERROR(AVERAGE(Приложение!L2:L20),"")
B20: Промоутеры NPS (9-10) | C20: =COUNTIF(Приложение!M2:M20,">=9") -> 0
B21: Критики NPS (0-6) | C21: =COUNTIFS(Приложение!M2:M20,">=0",Приложение!M2:M20,"<=6") -> 0
B22: Всего оценок NPS | C22: =COUNT(Приложение!M2:M20) -> 0
B23: NPS | C23: =IF(C22=0,"",(C20-C21)/C22*100)
B25: Три проблемные задачи:
